session_id,date,prompt_count,total_word_count,median_word_count,category_distribution,total_tokens_in,total_tokens_out,total_cache_read,total_cache_create,total_cost_usd,total_tool_calls,total_agents_spawned,agent_types_used,model,platform
25785c20d7af,2025-12-17,4,69,12,"{""other"":3,""debugging"":1}",0,0,0,0,0.0,0,0,,,windows
06fb15285641,2025-12-19,3,63,18,"{""artwork"":3}",0,0,0,0,0.0,0,0,,,windows
5fd548221766,2025-12-21,4,101,18,"{""tooling"":2,""rendering"":2}",0,0,0,0,0.0,0,0,,,windows
f7450b843d42,2025-12-21,1,31,31,"{""rendering"":1}",0,0,0,0,0.0,0,0,,,windows
df9293817e83,2025-12-23,7,161,17,"{""networking"":5,""rendering"":1,""tooling"":1}",0,0,0,0,0.0,0,0,,,windows
97d22d395957,2025-12-23,1,35,35,"{""debugging"":1}",0,0,0,0,0.0,0,0,,,windows
372c7fd28399,2025-12-23,1,28,28,"{""networking"":1}",0,0,0,0,0.0,0,0,,,windows
b217e8b9e02d,2025-12-25,4,73,18,"{""tooling"":1,""rendering"":1,""dungeon"":1,""save"":1}",0,0,0,0,0.0,0,0,,,windows
e831c281e737,2025-12-25,1,23,23,"{""rendering"":1}",0,0,0,0,0.0,0,0,,,windows
a1018b0d09bd,2025-12-27,2,19,9,"{""build"":2}",6,374,39450,14119,0.07,0,0,,claude-sonnet-4-5-20250929,mac
4fcb834b5f2e,2025-12-27,13,766,14,"{""build"":7,""rendering"":4,""system"":1,""content"":1}",13,319,346699,66584,0.36,1,0,,claude-sonnet-4-5-20250929,mac
e5324e8be09b,2025-12-27,6,215,34,"{""ai"":2,""gamestate"":1,""system"":1,""ecs"":1,""content"":1}",10,6,98648,170536,0.67,0,0,,claude-sonnet-4-5-20250929,mac
2d31b2c4f462,2025-12-28,6,189,13,"{""physics"":2,""system"":2,""rendering"":1,""tooling"":1}",9,7,135352,111271,0.76,0,0,,claude-opus-4-5-20251101,mac
aea1981481aa,2025-12-28,1,50,50,"{""rendering"":1}",3,1,12832,14991,0.1,0,0,,claude-opus-4-5-20251101,mac
c87a8b64e67a,2025-12-28,6,87,4,"{""system"":2,""other"":2,""physics"":1,""ai"":1}",9,3,145938,159269,1.07,0,0,,claude-opus-4-5-20251101,mac
0df1831b3773,2025-12-28,15,1577,19,"{""rendering"":4,""networking"":4,""dungeon"":2,""artwork"":2,""system"":2,""ai"":1}",18,8,185537,363471,2.36,0,0,,claude-opus-4-5-20251101,mac
16d30b6837dc,2025-12-28,7,1393,41,"{""artwork"":2,""rendering"":2,""physics"":1,""other"":1,""spawning"":1}",15,6,302839,135358,1.0,0,0,,claude-opus-4-5-20251101,mac
4cd6c8d8e72d,2025-12-28,3,118,17,"{""build"":1,""content"":1,""tooling"":1}",9,3,69245,15821,0.13,0,0,,claude-opus-4-5-20251101,mac
15f97bd3fb1b,2025-12-28,8,83,3,"{""networking"":4,""system"":3,""other"":1}",0,0,0,0,0.0,0,0,,,mac
0b81f4e9e834,2025-12-28,5,67,11,"{""gamestate"":2,""other"":2,""build"":1}",15,353,142487,15194,0.18,1,0,,claude-opus-4-5-20251101,mac
2dfe2efd4146,2025-12-28,8,379,8,"{""build"":3,""system"":2,""rendering"":1,""ecs"":1,""confirmation"":1}",18,6,285097,17686,0.25,0,0,,claude-opus-4-5-20251101,mac
c4ad8daf6e47,2025-12-28,12,221,9,"{""rendering"":3,""build"":3,""artwork"":2,""system"":1,""other"":1,""ecs"":1,""confirmation"":1}",27,138,764832,87982,0.94,1,0,,claude-opus-4-5-20251101,mac
cc81c60c6712,2025-12-29,1,14,14,"{""gamestate"":1}",3,3,12832,13995,0.09,0,0,,claude-opus-4-5-20251101,mac
6a6f816e1111,2025-12-29,5,98,12,"{""build"":3,""tooling"":1,""ecs"":1}",15,7,125122,70276,0.5,0,0,,claude-opus-4-5-20251101,mac
c1a0985401b8,2025-12-29,10,88,3,"{""system"":4,""networking"":4,""tooling"":1,""other"":1}",0,0,0,0,0.0,0,0,,,mac
4c535272ba87,2025-12-29,10,214,22,"{""tooling"":3,""ai"":2,""networking"":2,""gamestate"":1,""content"":1,""debugging"":1}",0,0,0,0,0.0,0,0,,,windows
4f182bb48de3,2025-12-29,1,6,6,"{""tooling"":1}",3,1,14482,12667,0.09,0,0,,claude-opus-4-5-20251101,mac
5b28e2f80135,2025-12-29,1,5,5,"{""tooling"":1}",3,1,14482,12662,0.09,0,0,,claude-opus-4-5-20251101,mac
59bc7652dd7b,2025-12-29,1,5,5,"{""tooling"":1}",3,1,14482,12680,0.09,0,0,,claude-opus-4-5-20251101,mac
e09660c0a71d,2025-12-29,6,80,4,"{""networking"":4,""system"":2}",0,0,0,0,0.0,0,0,,,mac
039d492c1b6a,2025-12-29,2,21,10,"{""tooling"":1,""confirmation"":1}",6,6,59011,4197,0.06,1,0,,claude-opus-4-5-20251101,mac
f2dbc280e53f,2025-12-29,2,17,8,"{""tooling"":2}",6,2,28964,28392,0.19,0,0,,claude-opus-4-5-20251101,mac
2d623e7c8b05,2025-12-29,1,8,8,"{""tooling"":1}",3,1,12832,15314,0.1,0,0,,claude-opus-4-5-20251101,mac
c40bcef94dc0,2025-12-29,9,3312,21,"{""rendering"":6,""system"":1,""confirmation"":1,""build"":1}",24,775,364180,496034,3.3,1,0,,claude-opus-4-5-20251101,mac
1734cd2890b9,2025-12-29,1,22,22,"{""build"":1}",3,5,24170,3988,0.04,0,0,,claude-opus-4-5-20251101,mac
cc1ab5cfc8db,2025-12-29,28,9245,52,"{""ai"":10,""ui"":4,""input"":3,""other"":3,""devtools"":2,""rendering"":2,""networking"":1,""gamestate"":1,""system"":1,""hero"":1}",75,34,1446359,903735,6.37,2,0,,claude-opus-4-5-20251101,mac
70785606e7ae,2025-12-29,8,5505,656,"{""gamestate"":6,""rendering"":2}",24,10,259928,301246,2.01,0,0,,claude-opus-4-5-20251101,mac
a1f6023d12a0,2025-12-29,13,2994,22,"{""ui"":5,""other"":3,""rendering"":1,""refactor"":1,""gamestate"":1,""system"":1,""devtools"":1}",36,16,622784,532014,3.64,0,0,,claude-opus-4-5-20251101,mac
2fd0cac99e2e,2025-12-30,4,1762,85,"{""gamestate"":4}",12,6,70576,296072,1.89,0,0,,claude-opus-4-5-20251101,mac
15f3a5111033,2025-12-30,6,732,10,"{""rendering"":2,""other"":1,""tooling"":1,""system"":1,""confirmation"":1}",15,595,196123,184585,1.27,2,0,,claude-opus-4-5-20251101,mac
629f16728b65,2025-12-30,1,61,61,"{""dungeon"":1}",3,1,15386,14354,0.1,0,0,,claude-opus-4-5-20251101,mac
0c247e201fab,2025-12-30,1,45,45,"{""spawning"":1}",3,7,24788,4030,0.04,0,0,,claude-opus-4-5-20251101,mac
f4123c3061de,2025-12-30,11,2367,24,"{""rendering"":4,""other"":3,""artwork"":1,""physics"":1,""system"":1,""tooling"":1}",27,474,545471,265296,1.94,1,0,,claude-opus-4-5-20251101,mac
428cf182eb5f,2025-12-30,3,64,7,"{""dungeon"":1,""system"":1,""confirmation"":1}",6,2,49876,102826,0.67,0,0,,claude-opus-4-5-20251101,mac
ec6340b0566b,2025-12-30,12,133,7,"{""networking"":6,""system"":2,""gamestate"":1,""other"":1,""ai"":1,""devtools"":1}",27,391,386120,170991,1.27,5,0,,claude-opus-4-5-20251101,mac
0192dab6b6a5,2025-12-30,2,47,23,"{""input"":1,""gamestate"":1}",6,4,39866,58001,0.38,0,0,,claude-opus-4-5-20251101,mac
058c24f2c824,2025-12-30,2,26,13,"{""dungeon"":1,""tooling"":1}",6,10,50824,16229,0.13,0,0,,claude-opus-4-5-20251101,mac
c4af7a4e58ab,2025-12-30,10,3598,43,"{""gamestate"":6,""artwork"":2,""dungeon"":1,""rendering"":1}",24,8,195108,446742,2.89,0,0,,claude-opus-4-5-20251101,mac
8bcd46b1d78d,2025-12-30,4,78,15,"{""networking"":4}",12,156,99427,64478,0.46,1,0,,claude-opus-4-5-20251101,mac
db1dfb65a428,2025-12-30,2,51,25,"{""rendering"":1,""build"":1}",6,2,30772,84366,0.54,0,0,,claude-opus-4-5-20251101,mac
8d4a97ab3598,2025-12-30,9,108,10,"{""networking"":4,""gamestate"":2,""other"":2,""ai"":1}",27,277,481696,141632,1.13,6,1,Explore,claude-opus-4-5-20251101,mac
56e241eb3c8f,2025-12-31,11,214,18,"{""ui"":4,""networking"":3,""debugging"":1,""rendering"":1,""save"":1,""spawning"":1}",0,0,0,0,0.0,0,0,,,windows
e8da67142ffa,2025-12-31,1,27,27,"{""networking"":1}",0,0,0,0,0.0,0,0,,,windows
75d275b90b13,2025-12-31,6,121,10,"{""devtools"":2,""networking"":2,""system"":1,""rendering"":1}",12,8,120752,37603,0.3,0,0,,claude-opus-4-5-20251101,mac
9fa9edcdf119,2025-12-31,1,53,53,"{""ui"":1}",3,1,15386,15058,0.1,0,0,,claude-opus-4-5-20251101,mac
ffc34fd4e7ef,2025-12-31,4,132,28,"{""networking"":3,""devtools"":1}",12,4,216496,84970,0.64,0,0,,claude-opus-4-5-20251101,mac
baa5c6f1432c,2025-12-31,2,49,24,"{""combat"":1,""dungeon"":1}",6,2,45164,14735,0.11,0,0,,claude-opus-4-5-20251101,mac
7e6741b2f49f,2025-12-31,7,3550,83,"{""networking"":6,""artwork"":1}",18,9,124592,398586,2.55,0,0,,claude-opus-4-5-20251101,mac
f0233bd73f99,2025-12-31,11,3248,50,"{""ui"":6,""confirmation"":2,""other"":1,""gamestate"":1,""rendering"":1}",33,615,429904,426911,2.9,2,0,,claude-opus-4-5-20251101,mac
e78ba91bacaf,2025-12-31,11,251,15,"{""tooling"":6,""build"":2,""other"":1,""ecs"":1,""confirmation"":1}",33,1585,673547,190761,1.57,3,0,,claude-opus-4-5-20251101,mac
66f4fce7aa01,2025-12-31,1,4,4,"{""ui"":1}",3,1,0,30910,0.19,0,0,,claude-opus-4-5-20251101,mac
4b7b493edd5f,2025-12-31,1,87,87,"{""gamestate"":1}",3,1,0,30690,0.19,0,0,,claude-opus-4-5-20251101,mac
39b7a2eea3b3,2025-12-31,1,12,12,"{""dungeon"":1}",3,1,15988,12910,0.09,0,0,,claude-opus-4-5-20251101,mac
76945cd50db5,2025-12-31,55,9414,16,"{""rendering"":8,""leveldesign"":8,""dungeon"":7,""artwork"":7,""content"":6,""other"":5,""gamestate"":4,""system"":2,""networking"":2,""save"":1,""devtools"":1,""tooling"":1,""refactor"":1,""ai"":1,""ui"":1}",129,4365,3092696,1242711,9.42,1,0,,claude-opus-4-5-20251101,mac
254713be1a74,2026-01-01,11,2625,32,"{""networking"":4,""ui"":4,""ai"":1,""rendering"":1,""confirmation"":1}",33,861,414343,367847,2.53,1,0,,claude-opus-4-5-20251101,mac
0ab07a2c7bd5,2026-01-01,2,30,15,"{""tooling"":1,""other"":1}",6,217,53708,13410,0.12,1,0,,claude-opus-4-5-20251101,mac
e2c3bccfaf9f,2026-01-01,13,1019,22,"{""artwork"":5,""other"":4,""system"":1,""dungeon"":1,""tooling"":1,""rendering"":1}",36,3627,556393,517870,3.61,3,0,,claude-opus-4-5-20251101,mac
701aa194016f,2026-01-01,28,10695,28,"{""save"":9,""networking"":6,""ui"":4,""other"":3,""artwork"":2,""gamestate"":1,""system"":1,""rendering"":1,""ai"":1}",54,193,710516,1272439,6.87,1,0,,claude-opus-4-5-20251101,mac
d99ec8144b96,2026-01-01,14,2922,25,"{""hero"":2,""rendering"":2,""artwork"":2,""system"":2,""input"":1,""ui"":1,""physics"":1,""ecs"":1,""devtools"":1,""other"":1}",27,15,268414,808137,4.56,0,0,,claude-opus-4-5-20251101,mac
a2558e649037,2026-01-01,13,7235,46,"{""combat"":4,""rendering"":4,""artwork"":2,""tooling"":1,""confirmation"":1,""ai"":1}",20,14,226391,848228,3.33,0,0,,claude-sonnet-4-5-20250929,mac
2b6039527322,2026-01-01,1,2,2,"{""tooling"":1}",0,0,0,0,0.0,0,0,,<synthetic>,mac
b6f64db968b0,2026-01-01,2,45,22,"{""rendering"":2}",3,2,56893,36705,0.15,0,0,,claude-sonnet-4-5-20250929,mac
abed73f20760,2026-01-01,2,77,38,"{""save"":2}",6,2,73783,34732,0.25,0,0,,claude-opus-4-5-20251101,mac
dce590261795,2026-01-01,2,126,63,"{""ui"":1,""save"":1}",6,4,42292,119029,0.77,0,0,,claude-opus-4-5-20251101,mac
26d874b7657a,2026-01-01,2,60,30,"{""rendering"":2}",6,2,57718,5831,0.07,0,0,,claude-opus-4-5-20251101,mac
66a5a5a0e9b3,2026-01-01,15,3758,28,"{""hero"":6,""ui"":3,""artwork"":1,""tooling"":1,""system"":1,""devtools"":1,""rendering"":1,""save"":1}",42,21,506865,670211,4.44,1,0,,claude-opus-4-5-20251101,mac
f34cad111725,2026-01-02,3,79,32,"{""gamestate"":1,""dungeon"":1,""system"":1}",6,2,32090,63214,0.41,0,0,,claude-opus-4-5-20251101,mac
d9ed76c528a2,2026-01-02,1,41,41,"{""ui"":1}",3,1,16045,15939,0.11,0,0,,claude-opus-4-5-20251101,mac
9ce09d5a7e2b,2026-01-02,4,70,16,"{""rendering"":2,""artwork"":1,""system"":1}",6,2,32090,80973,0.52,0,0,,claude-opus-4-5-20251101,mac
482f9adb1f21,2026-01-02,4,161,38,"{""spawning"":2,""ai"":1,""system"":1}",9,7,116390,115927,0.78,0,0,,claude-opus-4-5-20251101,mac
5f97cb7a4e36,2026-01-02,15,6602,48,"{""networking"":11,""gamestate"":1,""hero"":1,""artwork"":1,""save"":1}",42,18,510861,805175,5.29,0,0,,claude-opus-4-5-20251101,mac
143f21f9d3ab,2026-01-02,2,1169,584,"{""hero"":1,""ui"":1}",6,2,25590,53116,0.34,0,0,,claude-opus-4-5-20251101,mac
d5d2283def80,2026-01-02,4,1600,52,"{""physics"":3,""networking"":1}",12,7,299118,56209,0.5,0,0,,claude-opus-4-5-20251101,mac
5af58d7e09e7,2026-01-02,21,5076,33,"{""physics"":9,""ai"":6,""networking"":2,""system"":2,""artwork"":1,""build"":1}",48,581,1425847,241877,2.24,1,0,,claude-opus-4-5-20251101,mac
9a4e0a82f001,2026-01-02,8,2870,137,"{""physics"":2,""rendering"":2,""networking"":2,""other"":1,""devtools"":1}",24,14,280612,438811,2.88,0,0,,claude-opus-4-5-20251101,mac
c3d57df0cc76,2026-01-03,12,1629,15,"{""rendering"":4,""system"":3,""ecs"":2,""other"":1,""dungeon"":1,""devtools"":1}",27,666,359251,234792,1.66,0,0,,claude-opus-4-5-20251101,mac
ae4964b1b7d7,2026-01-03,21,354,16,"{""other"":8,""rendering"":5,""tooling"":3,""artwork"":2,""ui"":2,""physics"":1}",0,0,0,0,0.0,0,0,,,windows
336ff94255a4,2026-01-03,12,1805,19,"{""other"":4,""tooling"":1,""content"":1,""build"":1,""ecs"":1,""input"":1,""system"":1,""ai"":1,""networking"":1}",36,959,625370,222407,1.73,4,0,,claude-opus-4-5-20251101,mac
9f260438637b,2026-01-03,1,48,48,"{""networking"":1}",3,1,0,30511,0.19,0,0,,claude-opus-4-5-20251101,mac
b94a62ed36d5,2026-01-03,11,2625,28,"{""rendering"":4,""content"":2,""ecs"":1,""ai"":1,""other"":1,""dungeon"":1,""confirmation"":1}",33,410,837993,238541,1.92,1,0,,claude-opus-4-5-20251101,mac
e9ce64c53c98,2026-01-04,4,1662,140,"{""ui"":3,""artwork"":1}",12,83,256809,65392,0.54,0,0,,claude-opus-4-5-20251101,mac
c7a0627c99c2,2026-01-04,9,3050,27,"{""ui"":4,""networking"":2,""rendering"":1,""system"":1,""other"":1}",24,8,386618,319446,2.19,0,0,,claude-opus-4-5-20251101,mac
5340a48c4289,2026-01-04,6,55,7,"{""system"":3,""ui"":1,""other"":1,""confirmation"":1}",9,857,16049,114751,0.75,1,1,Plan,claude-opus-4-5-20251101,mac
735e62ec524d,2026-01-05,15,233,15,"{""tooling"":6,""combat"":2,""networking"":2,""rendering"":1,""dungeon"":1,""content"":1,""ai"":1,""ui"":1}",0,0,0,0,0.0,0,0,,,windows
551261b4b99f,2026-01-05,1,32,32,"{""rendering"":1}",0,0,0,0,0.0,0,0,,,windows
9160796e6834,2026-01-05,1,27,27,"{""networking"":1}",0,0,0,0,0.0,0,0,,,windows
e462296976a5,2026-01-06,18,7738,45,"{""ui"":7,""rendering"":3,""networking"":2,""system"":2,""artwork"":2,""gamestate"":1,""devtools"":1}",33,12,607190,309426,2.24,0,0,,claude-opus-4-5-20251101,mac
c56c1cc71a58,2026-01-06,2,29,14,"{""other"":1,""tooling"":1}",6,2,32312,32654,0.22,0,0,,claude-opus-4-5-20251101,mac
0b6d495543fb,2026-01-06,20,7700,36,"{""ui"":11,""rendering"":3,""other"":2,""confirmation"":2,""artwork"":1,""input"":1}",57,595,830207,1050099,6.99,1,1,code-reviewer-game-dev,claude-opus-4-5-20251101,mac
86c76a798744,2026-01-06,1,10,10,"{""other"":1}",3,5,16758,15252,0.1,1,0,,claude-opus-4-5-20251101,mac
ae2c2d749a2f,2026-01-06,20,7592,22,"{""combat"":5,""tooling"":3,""ecs"":2,""networking"":2,""confirmation"":2,""other"":2,""ui"":1,""ai"":1,""system"":1,""physics"":1}",54,754,834437,664275,4.59,3,1,code-reviewer-game-dev,claude-opus-4-5-20251101,mac
1ff245cb8343,2026-01-06,5,433,23,"{""ecs"":2,""system"":2,""hero"":1}",9,5,50274,109033,0.71,0,0,,claude-opus-4-5-20251101,mac
0ebad5124c5c,2026-01-06,1,75,75,"{""ui"":1}",3,3,16758,15087,0.1,0,0,,claude-opus-4-5-20251101,mac
f6e0a2264807,2026-01-06,3,1299,31,"{""networking"":2,""tooling"":1}",9,104,92930,31395,0.25,1,0,,claude-opus-4-5-20251101,mac
8a4c223191e1,2026-01-06,2,63,31,"{""ui"":1,""tooling"":1}",6,6,0,78319,0.49,0,0,,claude-opus-4-5-20251101,mac
80295c34e6ce,2026-01-06,19,1600,7,"{""system"":6,""dungeon"":5,""confirmation"":5,""gamestate"":2,""tooling"":1}",39,1274,488736,400690,2.78,6,6,"Explore,ecs-component-designer",claude-opus-4-5-20251101,mac
a44cf64f3dbd,2026-01-06,6,131,18,"{""networking"":3,""other"":1,""combat"":1,""ecs"":1}",18,10,137258,431638,2.77,0,0,,claude-opus-4-5-20251101,mac
f4ec02aa140c,2026-01-06,3,56,11,"{""tooling"":1,""refactor"":1,""other"":1}",9,4,75523,26944,0.21,0,0,,claude-opus-4-5-20251101,mac
e08c4d2fb263,2026-01-06,18,349,19,"{""other"":6,""tooling"":3,""artwork"":3,""ai"":2,""devtools"":2,""system"":1,""confirmation"":1}",51,3356,848115,268455,2.19,4,0,,claude-opus-4-5-20251101,mac
194ba489cbf8,2026-01-06,12,1877,29,"{""networking"":6,""build"":2,""ecs"":1,""confirmation"":1,""other"":1,""ai"":1}",27,273,386280,322129,2.21,3,0,,claude-opus-4-5-20251101,mac
f28c3f3aa210,2026-01-06,33,6323,27,"{""ui"":10,""build"":5,""artwork"":3,""system"":3,""networking"":3,""confirmation"":2,""other"":2,""tooling"":2,""rendering"":1,""ai"":1,""gamestate"":1}",66,199,1236579,1163034,7.89,2,0,,claude-opus-4-5-20251101,mac
345906f8dbee,2026-01-07,10,458,13,"{""rendering"":3,""tooling"":2,""artwork"":1,""other"":1,""system"":1,""confirmation"":1,""build"":1}",23,20,330697,122196,0.93,1,0,,claude-opus-4-5-20251101,mac
9aa50e264a76,2026-01-07,9,570,20,"{""physics"":2,""save"":2,""other"":2,""devtools"":1,""ecs"":1,""build"":1}",26,689,645302,166125,1.38,1,0,,claude-opus-4-5-20251101,mac
533bab1e66c9,2026-01-07,14,4511,25,"{""ui"":5,""other"":2,""system"":2,""ecs"":1,""tooling"":1,""build"":1,""rendering"":1,""input"":1}",35,25,653971,133797,1.16,0,0,,claude-opus-4-5-20251101,mac
634942c07992,2026-01-07,33,11287,41,"{""ui"":12,""rendering"":7,""system"":3,""other"":3,""ai"":2,""confirmation"":2,""devtools"":1,""gamestate"":1,""networking"":1,""tooling"":1}",85,41,2218493,874940,6.58,4,1,code-reviewer-game-dev,claude-opus-4-5-20251101,mac
26a1dcf44ebf,2026-01-07,5,54,10,"{""other"":2,""ecs"":1,""tooling"":1,""confirmation"":1}",15,131,144852,22416,0.22,3,0,,claude-opus-4-5-20251101,mac
e034b3b38c0b,2026-01-07,10,2462,23,"{""rendering"":3,""networking"":2,""build"":1,""ui"":1,""system"":1,""input"":1,""ai"":1}",21,217,624000,176929,1.42,3,1,Explore,claude-opus-4-5-20251101,mac
4260cbe6bad8,2026-01-07,9,4727,277,"{""networking"":3,""ecs"":2,""rendering"":2,""build"":1,""other"":1}",22,278,462482,234660,1.7,1,0,,claude-opus-4-5-20251101,mac
2ccfcf5649e0,2026-01-07,1,28,28,"{""ecs"":1}",3,8,16975,15553,0.11,0,0,,claude-opus-4-5-20251101,mac
fc5a5d72e993,2026-01-07,14,2829,13,"{""rendering"":6,""networking"":3,""input"":1,""ui"":1,""other"":1,""refactor"":1,""ai"":1}",35,679,329656,753357,4.89,1,0,,claude-opus-4-5-20251101,mac
a2ece3afd5ec,2026-01-07,4,76,18,"{""networking"":2,""system"":1,""confirmation"":1}",9,5,88758,112925,0.75,1,0,,claude-opus-4-5-20251101,mac
77bb3d876965,2026-01-07,8,1160,28,"{""tooling"":3,""ai"":1,""system"":1,""ui"":1,""rendering"":1,""networking"":1}",21,2745,296605,63691,0.62,1,0,,claude-opus-4-5-20251101,mac
a744f35698b4,2026-01-07,1,36,36,"{""tooling"":1}",3,3,0,33727,0.21,0,0,,claude-opus-4-5-20251101,mac
9bc61518b1c9,2026-01-07,6,95,11,"{""other"":3,""tooling"":1,""confirmation"":1,""ui"":1}",18,1178,205154,140544,1.01,1,0,,claude-opus-4-5-20251101,mac
beb64d97e47b,2026-01-07,1,9,9,"{""tooling"":1}",3,114,17307,15822,0.11,0,0,,claude-opus-4-5-20251101,mac
6475033422da,2026-01-07,7,102,8,"{""networking"":4,""system"":2,""other"":1}",10,5,0,33932,0.21,0,0,,claude-opus-4-5-20251101,mac
12c79c9b8b0f,2026-01-07,8,3540,87,"{""networking"":2,""combat"":2,""content"":1,""other"":1,""tooling"":1,""confirmation"":1}",17,580,382291,330222,2.27,1,1,Plan,claude-opus-4-5-20251101,mac
c2fdaf26b108,2026-01-08,32,9402,13,"{""ui"":9,""system"":6,""other"":5,""confirmation"":5,""ecs"":2,""networking"":2,""artwork"":1,""rendering"":1,""devtools"":1}",69,2696,1064361,845029,5.88,3,2,"ability-designer,code-reviewer-game-dev",claude-opus-4-5-20251101,mac
068d12b8be80,2026-01-08,32,8387,58,"{""networking"":14,""combat"":6,""devtools"":4,""system"":3,""tooling"":2,""ui"":1,""ai"":1,""other"":1}",71,31,1323444,1171054,7.98,1,1,code-reviewer-game-dev,claude-opus-4-5-20251101,mac
99ae6d8de896,2026-01-08,6,78,4,"{""networking"":4,""system"":2}",0,0,0,0,0.0,0,0,,,mac
90bdc92528e4,2026-01-08,43,9172,18,"{""networking"":17,""system"":10,""other"":6,""combat"":5,""tooling"":2,""build"":1,""ai"":1,""confirmation"":1}",96,675,2830718,411291,4.0,2,1,code-reviewer-game-dev,claude-opus-4-5-20251101,mac
6ed43ea72b8a,2026-01-08,1,10,10,"{""other"":1}",3,3,17232,9692,0.07,0,0,,claude-opus-4-5-20251101,mac
44bf6a98642f,2026-01-08,5,1682,35,"{""networking"":4,""other"":1}",12,97,166022,138676,0.95,1,0,,claude-opus-4-5-20251101,mac
1df8711268fd,2026-01-08,4,144,31,"{""networking"":2,""other"":1,""system"":1}",9,5,28834,103324,0.66,0,0,,claude-opus-4-5-20251101,mac
07ba2d85e0e3,2026-01-08,2,1235,617,"{""networking"":2}",6,2,38631,33326,0.23,0,0,,claude-opus-4-5-20251101,mac
a5764969df66,2026-01-08,3,1379,32,"{""networking"":1,""other"":1,""content"":1}",9,5,60030,163785,1.05,0,0,,claude-opus-4-5-20251101,mac
ce0bc4a6090b,2026-01-08,5,50,7,"{""system"":2,""confirmation"":2,""refactor"":1}",9,7,81791,43373,0.31,0,0,,claude-opus-4-5-20251101,mac
b2d2ec10eea4,2026-01-08,4,114,27,"{""networking"":1,""system"":1,""physics"":1,""other"":1}",9,3,234339,18154,0.23,0,0,,claude-opus-4-5-20251101,mac
b9c8e30ca097,2026-01-08,2,152,76,"{""networking"":1,""other"":1}",6,2,70129,31980,0.24,0,0,,claude-opus-4-5-20251101,mac
92bf9aa82cc0,2026-01-08,3,53,9,"{""hero"":1,""system"":1,""other"":1}",6,5,42932,71540,0.47,0,0,,claude-opus-4-5-20251101,mac
9e7a97d3ad0c,2026-01-08,3,29,10,"{""other"":2,""gamestate"":1}",9,7,78156,7171,0.08,1,0,,claude-opus-4-5-20251101,mac
d7c0b31123d6,2026-01-08,1,36,36,"{""combat"":1}",3,1,21466,7757,0.06,0,0,,claude-opus-4-5-20251101,mac
b055792ef63b,2026-01-08,17,4007,23,"{""networking"":9,""hero"":3,""system"":2,""devtools"":1,""confirmation"":1,""other"":1}",36,18,339322,803137,5.19,0,0,,claude-opus-4-5-20251101,mac
fcf417ad082f,2026-01-08,1,57,57,"{""networking"":1}",3,1,21502,7773,0.06,0,0,,claude-opus-4-5-20251101,mac
7068c6d918e2,2026-01-08,11,3016,31,"{""rendering"":4,""spawning"":3,""system"":2,""combat"":1,""other"":1}",24,8,374963,268171,1.86,0,0,,claude-opus-4-5-20251101,mac
780cea954e9b,2026-01-08,8,67,7,"{""system"":3,""confirmation"":3,""ecs"":1,""tooling"":1}",15,123,211020,113079,0.82,2,0,,claude-opus-4-5-20251101,mac
ea4694877bd7,2026-01-08,43,6238,22,"{""networking"":24,""combat"":7,""other"":5,""system"":2,""ecs"":2,""build"":1,""confirmation"":1,""tooling"":1}",120,10573,2211874,923390,7.14,3,1,code-reviewer-game-dev,claude-opus-4-5-20251101,mac
98fe9207d9b6,2026-01-09,5,87,7,"{""system"":2,""confirmation"":2,""networking"":1}",9,648,51696,79386,0.54,2,2,code-reviewer-game-dev,claude-opus-4-5-20251101,mac
ce0f61f19e4a,2026-01-09,5,61,12,"{""physics"":3,""ecs"":1,""confirmation"":1}",15,97,162349,28855,0.26,3,1,ecs-component-designer,claude-opus-4-5-20251101,mac
3f2c52b9a76a,2026-01-09,1,44,44,"{""dungeon"":1}",3,1,0,29315,0.18,0,0,,claude-opus-4-5-20251101,mac
8d3040cd7374,2026-01-12,21,6751,31,"{""networking"":8,""save"":2,""physics"":2,""system"":2,""other"":2,""devtools"":2,""hero"":1,""content"":1,""confirmation"":1}",51,704,579466,887778,5.86,1,0,,claude-opus-4-5-20251101,mac
0398ccf13c3e,2026-01-12,7,107,7,"{""system"":3,""confirmation"":3,""ui"":1}",12,684,251854,86746,0.69,2,0,,claude-opus-4-5-20251101,mac
98f1002b3afb,2026-01-13,10,4331,24,"{""ui"":5,""system"":1,""confirmation"":1,""other"":1,""networking"":1,""devtools"":1}",27,549,375482,406335,2.74,1,1,code-reviewer-game-dev,claude-opus-4-5-20251101,mac
d67c98d2120f,2026-01-13,20,1647,7,"{""system"":8,""networking"":4,""confirmation"":4,""other"":3,""tooling"":1}",30,20,281072,213798,1.48,4,4,code-reviewer-game-dev,claude-opus-4-5-20251101,mac
297befcdabc4,2026-01-13,2,76,38,"{""ui"":2}",6,1363,0,156451,1.01,1,0,,claude-opus-4-5-20251101,mac
b682734f1831,2026-01-13,5,87,13,"{""combat"":2,""networking"":1,""ui"":1,""spawning"":1}",0,0,0,0,0.0,0,0,,,windows
64c531d53b30,2026-01-13,5,47,7,"{""system"":2,""dungeon"":1,""confirmation"":1,""other"":1}",9,5,51696,125152,0.81,0,0,,claude-opus-4-5-20251101,mac
93d9f3cc489d,2026-01-13,4,79,8,"{""other"":3,""ai"":1}",12,162,137628,8734,0.13,3,0,,claude-opus-4-5-20251101,mac
5cb9ef9e917f,2026-01-13,3,54,19,"{""build"":2,""artwork"":1}",9,375,62742,22116,0.18,0,0,,claude-opus-4-5-20251101,mac
91c6babbd56f,2026-01-13,3,148,32,"{""networking"":1,""other"":1,""combat"":1}",9,5,148134,16763,0.18,0,0,,claude-opus-4-5-20251101,mac
3b3c3fa36a39,2026-01-13,3,71,20,"{""ai"":1,""system"":1,""tooling"":1}",6,2,57480,7820,0.08,0,0,,claude-opus-4-5-20251101,mac
88b47acc964e,2026-01-14,3,32,10,"{""other"":2,""artwork"":1}",9,93,71222,28846,0.22,1,0,,claude-opus-4-5-20251101,mac
38477a3a9959,2026-01-15,4,136,25,"{""rendering"":1,""tooling"":1,""save"":1,""planning"":1}",0,0,0,0,0.0,0,0,,,windows
7195fe259b25,2026-01-15,3,128,13,"{""gamestate"":2,""content"":1}",9,187,56590,28698,0.21,0,0,,claude-opus-4-5-20251101,mac
18529ddf3412,2026-01-16,48,14295,16,"{""system"":10,""confirmation"":9,""networking"":9,""other"":4,""planning"":3,""gamestate"":3,""ui"":2,""tooling"":2,""build"":2,""artwork"":1,""devtools"":1,""save"":1,""debugging"":1}",108,2318,2083650,1390384,9.79,11,10,"Plan,code-reviewer-game-dev,ecs-component-designer",claude-opus-4-5-20251101,mac
eed22a0f54b6,2026-01-16,11,1703,22,"{""ui"":3,""confirmation"":2,""rendering"":1,""other"":1,""system"":1,""debugging"":1,""devtools"":1,""audio"":1}",30,67,512383,244033,1.78,1,0,,claude-opus-4-5-20251101,mac
0f9db2095470,2026-01-16,1,58,58,"{""artwork"":1}",3,3,17327,11339,0.08,0,0,,claude-opus-4-5-20251101,mac
c416f0145b6b,2026-01-16,3,67,29,"{""tooling"":1,""audio"":1,""save"":1}",9,3065,38916,75370,0.57,3,1,gamer-critic,claude-opus-4-5-20251101,mac
ffd0ea2e2376,2026-01-16,20,1496,11,"{""other"":9,""ai"":2,""devtools"":2,""tooling"":1,""system"":1,""content"":1,""gamestate"":1,""build"":1,""networking"":1,""documentation"":1}",48,1034,671789,391515,2.81,5,0,,claude-opus-4-5-20251101,mac
f39b1c826df3,2026-01-16,264,69281,41,"{""networking"":52,""other"":32,""system"":31,""ai"":29,""gamestate"":23,""ecs"":18,""combat"":16,""devtools"":12,""ui"":9,""debugging"":6,""confirmation"":5,""tooling"":5,""rendering"":4,""spawning"":4,""hero"":3,""planning"":3,""audio"":2,""dungeon"":2,""physics"":2,""artwork"":2,""input"":2,""save"":1,""content"":1}",672,6849,9821702,7371839,45.49,15,8,"code-reviewer-game-dev,ecs-component-designer,network-protocol-designer",claude-opus-4-5-20251101,mac
3f368a06a0db,2026-01-16,14,5383,10,"{""gamestate"":3,""networking"":3,""system"":2,""other"":2,""confirmation"":1,""content"":1,""tooling"":1,""combat"":1}",36,18,735934,317424,2.35,1,0,,claude-opus-4-5-20251101,mac
8a83077b23a7,2026-01-16,36,6815,32,"{""networking"":12,""combat"":9,""system"":5,""ecs"":3,""physics"":2,""other"":2,""confirmation"":1,""devtools"":1,""ui"":1}",93,1448,1484688,637004,4.14,2,1,network-protocol-designer,claude-opus-4-5-20251101,mac
598c7f73f2b1,2026-01-16,1,8,8,"{""other"":1}",3,1,17510,13655,0.09,0,0,,claude-opus-4-5-20251101,mac
0f8ab8d09b3c,2026-01-18,2,94,47,"{""ui"":1,""tooling"":1}",6,9,32470,17515,0.08,0,0,,claude-opus-4-5-20251101,mac
014f314fcf02,2026-01-19,26,4625,52,"{""networking"":9,""system"":5,""other"":3,""gamestate"":2,""ecs"":2,""dungeon"":2,""devtools"":1,""save"":1,""debugging"":1}",60,2176,676107,519532,3.29,5,4,"code-reviewer-game-dev,network-protocol-designer",claude-opus-4-5-20251101,mac
35939372d556,2026-01-19,5,949,51,"{""combat"":3,""ai"":1,""hero"":1}",15,1222,97520,81120,0.59,1,1,game-design-brainstorm,claude-opus-4-5-20251101,mac
050cb510e58c,2026-01-19,6,545,114,"{""dungeon"":4,""gamestate"":1,""content"":1}",18,29,14118,172102,0.8,0,0,,claude-haiku-4-5-20251001,mac
3e3ecf8c6faf,2026-01-19,11,1806,40,"{""gamestate"":2,""networking"":2,""other"":2,""system"":2,""dungeon"":1,""save"":1,""ai"":1}",27,359,221757,250897,1.46,1,0,,claude-opus-4-5-20251101,mac
0cdc7e2014bd,2026-01-19,23,5503,95,"{""networking"":19,""system"":3,""ui"":1}",54,1406,244684,589733,3.31,1,0,,claude-opus-4-5-20251101,mac
e0281b9fd5b3,2026-01-19,48,13137,116,"{""networking"":37,""gamestate"":3,""debugging"":3,""other"":3,""ecs"":1,""system"":1}",141,1420,858620,1240142,6.27,3,2,code-reviewer-game-dev,claude-opus-4-5-20251101,mac
5535a0e91d14,2026-01-20,31,6715,78,"{""combat"":13,""rendering"":5,""artwork"":3,""networking"":2,""ecs"":2,""other"":2,""system"":1,""ai"":1,""content"":1,""game_design"":1}",90,2293,965643,875876,5.35,6,2,"game-design-brainstorm,sprite-2d-artist",claude-opus-4-5-20251101,mac
e1116000781b,2026-01-20,23,5023,68,"{""networking"":13,""system"":3,""devtools"":2,""ecs"":1,""physics"":1,""combat"":1,""confirmation"":1,""tooling"":1}",54,51,357936,475095,2.47,1,0,,claude-opus-4-5-20251101,mac
d23e7402a698,2026-01-20,1,12,12,"{""tooling"":1}",3,2,17606,12355,0.09,0,0,,claude-opus-4-5-20251101,mac
771398a59b88,2026-01-20,2,30,15,"{""ai"":1,""other"":1}",6,2,47925,23248,0.17,0,0,,claude-opus-4-5-20251101,mac
0c9bfb34425a,2026-01-20,36,8113,30,"{""networking"":22,""system"":8,""ecs"":2,""confirmation"":1,""devtools"":1,""spawning"":1,""ai"":1}",78,1598,1200459,707227,4.61,3,0,,claude-opus-4-5-20251101,mac
8bb16f2b4358,2026-01-20,23,2581,14,"{""system"":5,""networking"":5,""combat"":5,""other"":3,""spawning"":2,""physics"":1,""ai"":1,""ui"":1}",54,1415,714330,621649,4.11,4,0,,claude-opus-4-5-20251101,mac
81fd68e5931e,2026-01-21,5,112,12,"{""spawning"":2,""dungeon"":1,""system"":1,""other"":1}",12,142,87267,34185,0.16,1,0,,claude-opus-4-5-20251101,mac
af6477e02d43,2026-01-21,65,15241,52,"{""networking"":44,""system"":8,""other"":3,""tooling"":2,""devtools"":2,""rendering"":2,""confirmation"":2,""debugging"":1,""ecs"":1}",162,5454,2650245,1450692,9.73,3,2,"code-reviewer-game-dev,ecs-component-designer",claude-opus-4-5-20251101,mac
fcc3499f6fd8,2026-01-21,15,3064,86,"{""networking"":11,""gamestate"":2,""devtools"":1,""ai"":1}",45,580,332225,207103,0.93,1,0,,claude-opus-4-5-20251101,mac
022ef490eda5,2026-01-21,9,2434,160,"{""networking"":8,""system"":1}",24,16,172475,103728,0.49,0,0,,claude-opus-4-5-20251101,mac
a8ce270ab63f,2026-01-21,46,12431,133,"{""networking"":9,""ui"":8,""gamestate"":6,""system"":4,""ecs"":4,""debugging"":3,""dungeon"":3,""hero"":2,""save"":2,""devtools"":1,""combat"":1,""ai"":1,""audio"":1,""tooling"":1}",123,2248,1004277,1233055,7.12,2,2,"code-reviewer-game-dev,ui-and-ux-agent",claude-opus-4-5-20251101,mac
d2b190cac2be,2026-01-21,3,215,69,"{""networking"":2,""save"":1}",9,12,41075,29725,0.1,0,0,,claude-haiku-4-5-20251001,mac
6b863e9c881f,2026-01-21,5,320,37,"{""networking"":4,""system"":1}",12,16,51393,50924,0.14,0,0,,claude-opus-4-5-20251101,mac
74111ccc8388,2026-01-21,2,129,64,"{""networking"":2}",6,9,17606,33681,0.12,0,0,,claude-opus-4-5-20251101,mac
3dc7dd149997,2026-01-21,6,964,110,"{""networking"":4,""gamestate"":1,""tooling"":1}",18,17,31643,98802,0.24,0,0,,claude-haiku-4-5-20251001,mac
347a21b8c442,2026-01-22,39,7653,28,"{""rendering"":10,""ecs"":6,""other"":5,""system"":5,""debugging"":4,""ui"":3,""networking"":2,""tooling"":1,""artwork"":1,""devtools"":1,""dungeon"":1}",102,1873,1243553,1134792,7.28,6,4,"code-reviewer-game-dev,coordinate-wizard,ui-and-ux-agent",claude-opus-4-5-20251101,mac
bb00dc8f70e1,2026-01-22,23,6346,92,"{""ui"":11,""artwork"":3,""networking"":2,""rendering"":2,""ecs"":1,""physics"":1,""hero"":1,""other"":1,""debugging"":1}",57,159,376964,571066,3.01,0,0,,claude-opus-4-5-20251101,mac
5b59d5ac400a,2026-01-22,91,28710,22,"{""combat"":21,""other"":16,""networking"":15,""ecs"":11,""system"":10,""tooling"":4,""confirmation"":3,""devtools"":3,""debugging"":3,""planning"":2,""ui"":1,""build"":1,""physics"":1}",123,8061,3972767,2113772,9.13,6,4,"ability-designer,code-reviewer-game-dev,network-protocol-designer",claude-sonnet-4-5-20250929,mac
67914c185846,2026-01-22,33,1339,15,"{""other"":15,""ui"":6,""ecs"":3,""game_design"":2,""networking"":2,""artwork"":2,""rendering"":1,""combat"":1,""ai"":1}",89,16871,1351558,378952,2.99,3,1,game-design-brainstorm,claude-opus-4-5-20251101,mac
0fcd6b62b785,2026-01-22,12,4128,118,"{""content"":2,""ecs"":2,""tooling"":2,""dungeon"":1,""ui"":1,""networking"":1,""combat"":1,""system"":1,""other"":1}",26,473,382042,183380,0.75,1,0,,claude-sonnet-4-5-20250929,mac
12e053239cf4,2026-01-22,2,37,18,"{""system"":1,""other"":1}",0,0,0,0,0.0,0,0,,,mac
a93aa840c6d8,2026-01-22,3,37,3,"{""system"":2,""networking"":1}",0,0,0,0,0.0,0,0,,,mac
fc41838b4b65,2026-01-22,19,4505,203,"{""combat"":3,""physics"":3,""networking"":3,""other"":2,""system"":2,""ecs"":2,""rendering"":1,""ai"":1,""game_design"":1,""build"":1}",40,25,302303,488511,1.91,0,0,,claude-sonnet-4-5-20250929,mac
ddb9069c5d30,2026-01-23,5,1447,94,"{""physics"":1,""ecs"":1,""networking"":1,""system"":1,""ui"":1}",12,8,220097,108425,0.79,0,0,,claude-opus-4-5-20251101,mac
80e8b4adaf5c,2026-01-23,5,227,11,"{""other"":2,""ecs"":1,""tooling"":1,""system"":1}",12,164,68525,113137,0.75,4,0,,claude-opus-4-5-20251101,mac
3303ea296a65,2026-01-23,9,755,81,"{""ai"":2,""other"":2,""audio"":1,""ui"":1,""planning"":1,""rendering"":1,""system"":1}",24,23,152887,139740,0.58,0,0,,claude-opus-4-5-20251101,mac
f84c41316907,2026-01-23,11,1944,24,"{""audio"":3,""combat"":2,""system"":2,""ui"":1,""tooling"":1,""other"":1,""ai"":1}",27,652,480689,132597,0.87,2,0,,claude-opus-4-5-20251101,mac
b142256a876f,2026-01-24,32,9631,94,"{""ui"":13,""other"":5,""ecs"":4,""networking"":3,""tooling"":2,""content"":1,""planning"":1,""debugging"":1,""system"":1,""refactor"":1}",90,1370,797263,1017159,5.87,1,1,code-reviewer-game-dev,claude-opus-4-5-20251101,mac
1374d3ec0ca0,2026-01-24,3,61,19,"{""ui"":1,""ai"":1,""rendering"":1}",9,4,68575,32598,0.24,0,0,,claude-opus-4-5-20251101,mac
0ce3a85a72fd,2026-01-24,2,87,43,"{""rendering"":1,""system"":1}",3,1,22909,11694,0.05,0,0,,claude-sonnet-4-5-20250929,mac
1251ac937903,2026-01-24,53,12571,27,"{""combat"":11,""networking"":10,""gamestate"":7,""system"":5,""ai"":5,""tooling"":5,""confirmation"":3,""ecs"":2,""planning"":1,""artwork"":1,""other"":1,""content"":1,""devtools"":1}",135,2739,2383392,1829891,11.63,7,5,"ability-designer,code-reviewer-game-dev,network-protocol-designer",claude-opus-4-5-20251101,mac
e3882ef10b08,2026-01-25,26,5284,55,"{""networking"":7,""ecs"":5,""ui"":5,""other"":2,""combat"":1,""tooling"":1,""content"":1,""artwork"":1,""ai"":1,""refactor"":1,""system"":1}",75,1997,809328,773105,4.91,7,5,"Explore,code-reviewer-game-dev,ecs-component-designer,network-protocol-designer,systems-designer",claude-opus-4-5-20251101,mac
4c60bbebe9ce,2026-01-25,26,5945,58,"{""combat"":8,""ai"":3,""other"":3,""system"":2,""debugging"":2,""tooling"":2,""content"":1,""ecs"":1,""game_design"":1,""networking"":1,""rendering"":1,""gamestate"":1}",75,1195,1215541,377811,2.23,4,1,code-reviewer-game-dev,claude-opus-4-5-20251101,mac
e579be01e594,2026-01-25,5,65,10,"{""other"":3,""save"":1,""dungeon"":1}",15,99,303234,132389,0.98,1,0,,claude-opus-4-5-20251101,mac
87f791723a5b,2026-01-25,1,29,29,"{""save"":1}",3,3,17709,14632,0.1,0,0,,claude-opus-4-5-20251101,mac
adbc470288df,2026-01-26,7,4052,7,"{""confirmation"":2,""documentation"":2,""rendering"":1,""system"":1,""build"":1}",18,3664,325714,51390,0.58,3,0,,claude-opus-4-5-20251101,mac
3a8766c8ce03,2026-01-26,7,146,15,"{""other"":4,""ui"":2,""ecs"":1}",21,11113,149252,117046,1.08,0,0,,claude-opus-4-5-20251101,mac
2e7effc3e68b,2026-01-26,4,24,5,"{""devtools"":2,""build"":1,""confirmation"":1}",19,282,65387,67710,0.46,1,0,,claude-opus-4-5-20251101,mac
1a0c3c4f1bd1,2026-01-26,1,11,11,"{""gamestate"":1}",10,1,0,33670,0.21,0,0,,claude-opus-4-5-20251101,mac
6897e32ec7fb,2026-01-26,6,72,12,"{""build"":2,""other"":2,""debugging"":1,""tooling"":1}",18,217,239592,34108,0.34,3,0,,claude-opus-4-5-20251101,windows
fb4404fe5d4b,2026-01-26,51,11258,86,"{""networking"":16,""ecs"":7,""debugging"":4,""physics"":3,""planning"":3,""combat"":2,""content"":2,""dungeon"":2,""system"":2,""tooling"":2,""ai"":1,""game_design"":1,""other"":1,""confirmation"":1,""build"":1,""audio"":1,""rendering"":1,""artwork"":1}",148,105,1501680,1374237,7.69,7,4,"code-reviewer-game-dev,network-protocol-designer",claude-opus-4-5-20251101,mac
5325cdc9f1b3,2026-01-26,38,10792,106,"{""networking"":13,""content"":8,""ecs"":4,""combat"":3,""tooling"":2,""planning"":2,""system"":2,""ui"":1,""documentation"":1,""other"":1,""debugging"":1}",116,68,831372,991329,5.53,0,0,,claude-opus-4-5-20251101,mac
dd07169766dd,2026-01-26,21,3172,23,"{""rendering"":8,""system"":4,""planning"":2,""other"":2,""ecs"":1,""tooling"":1,""artwork"":1,""confirmation"":1,""debugging"":1}",42,31,359820,380740,2.14,1,0,,claude-opus-4-5-20251101,mac
32d3997a4ac4,2026-01-26,13,3055,161,"{""ecs"":4,""combat"":2,""game_design"":2,""rendering"":2,""networking"":1,""ai"":1,""other"":1}",39,36,316908,233285,1.25,1,1,code-reviewer-game-dev,claude-opus-4-5-20251101,mac
7354d80d5b5a,2026-01-26,4,158,16,"{""debugging"":3,""rendering"":1}",12,4,150887,61214,0.34,0,0,,claude-opus-4-5-20251101,mac
5985b65d2f77,2026-01-26,1,8,8,"{""devtools"":1}",3,1,22204,11626,0.08,0,0,,claude-opus-4-5-20251101,mac
6134678140f7,2026-01-26,4,202,31,"{""debugging"":2,""content"":1,""rendering"":1}",12,6,128602,21563,0.2,0,0,,claude-opus-4-5-20251101,mac
c127be9e0ca5,2026-01-26,11,795,7,"{""debugging"":3,""other"":3,""rendering"":2,""ai"":1,""confirmation"":1,""spawning"":1}",33,29,506701,55738,0.6,3,0,,claude-opus-4-5-20251101,mac
a15c3f5cf5b2,2026-01-26,4,199,50,"{""ai"":2,""confirmation"":2}",12,8,129887,67234,0.49,1,0,,claude-opus-4-5-20251101,mac
ea6b07486857,2026-01-26,2,14,7,"{""other"":2}",6,6,56105,17753,0.14,1,0,,claude-opus-4-5-20251101,mac
5804b3f37570,2026-01-26,4,219,54,"{""ai"":1,""spawning"":1,""tooling"":1,""devtools"":1}",12,19,132921,52814,0.35,2,1,code-reviewer-game-dev,claude-opus-4-5-20251101,mac
51b2e62e2759,2026-01-26,15,1413,9,"{""system"":4,""content"":4,""planning"":2,""debugging"":2,""other"":1,""devtools"":1,""networking"":1}",27,18,406223,316243,2.14,0,0,,claude-opus-4-5-20251101,mac
950864ce1ede,2026-01-26,2,2548,1274,"{""networking"":2}",6,2,18431,44875,0.17,0,0,,claude-opus-4-5-20251101,mac
008e7fcb5b1d,2026-01-26,4,116,17,"{""hero"":3,""rendering"":1}",12,10,101844,94171,0.52,1,0,,claude-opus-4-5-20251101,mac
f7fad581330b,2026-01-27,14,303,17,"{""other"":3,""rendering"":3,""ai"":2,""system"":2,""game_design"":1,""physics"":1,""ui"":1,""combat"":1}",36,12,590103,516170,3.52,0,0,,claude-opus-4-5-20251101,mac
425f8667d102,2026-01-27,17,4448,141,"{""networking"":13,""system"":2,""other"":1,""tooling"":1}",42,28,390011,307384,1.67,1,1,code-reviewer-game-dev,claude-opus-4-5-20251101,mac
accda0033472,2026-01-27,11,912,11,"{""networking"":4,""audio"":3,""debugging"":2,""system"":2}",27,27,87590,235462,1.17,1,1,audio-designer,claude-opus-4-5-20251101,mac
0be79ac8c609,2026-01-27,5,251,13,"{""tooling"":2,""hero"":1,""devtools"":1,""networking"":1}",15,5,212866,14920,0.2,1,0,,claude-opus-4-5-20251101,mac
0fb1e99749ff,2026-01-27,3,59,10,"{""debugging"":1,""system"":1,""other"":1}",6,4,35166,34818,0.24,0,0,,claude-opus-4-5-20251101,mac
a34fb44b1f8a,2026-01-29,6,70,10,"{""content"":2,""other"":2,""hero"":1,""system"":1}",15,5,165910,35221,0.3,0,0,,claude-opus-4-5-20251101,mac
5e68da158c13,2026-01-29,33,6804,78,"{""ecs"":10,""networking"":8,""debugging"":4,""system"":2,""tooling"":2,""input"":1,""content"":1,""ui"":1,""refactor"":1,""rendering"":1,""other"":1,""spawning"":1}",87,43,757888,1063795,5.81,1,1,Explore,claude-opus-4-5-20251101,mac
ee4c62c12844,2026-01-29,43,5320,12,"{""rendering"":19,""system"":8,""other"":6,""build"":3,""confirmation"":3,""networking"":1,""ai"":1,""tooling"":1,""artwork"":1}",99,85,1647274,706800,4.69,10,3,"code-reviewer-game-dev,systems-designer",claude-opus-4-5-20251101,mac
88914c12d24f,2026-01-29,7,54,8,"{""build"":2,""other"":2,""confirmation"":2,""rendering"":1}",21,15,237656,16454,0.22,2,0,,claude-opus-4-5-20251101,mac
05699cff0a86,2026-01-29,1,23,23,"{""rendering"":1}",3,1,18431,15884,0.11,0,0,,claude-opus-4-5-20251101,mac
4364fa9be428,2026-01-29,6,699,122,"{""ecs"":3,""networking"":2,""debugging"":1}",18,17,159009,94898,0.44,1,1,network-protocol-designer,claude-sonnet-4-5-20250929,mac
2efaa23be977,2026-01-30,14,259,19,"{""other"":6,""rendering"":3,""audio"":2,""hero"":1,""combat"":1,""devtools"":1}",42,17,426626,119630,0.96,0,0,,claude-opus-4-5-20251101,mac
ab9021b10ed5,2026-02-01,1,19,19,"{""other"":1}",3,1,18431,16543,0.11,0,0,,claude-opus-4-5-20251101,mac
50edd12ae2e9,2026-02-02,38,10250,42,"{""ui"":10,""networking"":4,""input"":3,""rendering"":3,""ecs"":2,""artwork"":2,""content"":2,""documentation"":2,""planning"":2,""build"":1,""tooling"":1,""ai"":1,""other"":1,""devtools"":1,""confirmation"":1,""physics"":1,""hero"":1}",108,76,1652081,1399297,8.86,6,1,code-reviewer-game-dev,claude-opus-4-5-20251101,mac
e11f92952934,2026-02-02,2,41,20,"{""documentation"":2}",6,4,67683,16257,0.14,0,0,,claude-opus-4-5-20251101,mac
d5e4800f3fbd,2026-02-02,3,66,26,"{""ui"":1,""ai"":1,""hero"":1}",9,5,72552,75771,0.51,0,0,,claude-opus-4-5-20251101,mac
81aac54c39fa,2026-02-04,1,10,10,"{""other"":1}",3,1,0,35024,0.22,0,0,,claude-opus-4-5-20251101,mac
0d2bc15eeac4,2026-02-05,6,682,127,"{""ui"":4,""rendering"":2}",18,23,99155,244087,1.33,2,1,systems-designer,claude-opus-4-5-20251101,mac
fef4c669483b,2026-02-06,11,4192,157,"{""ui"":6,""ecs"":3,""save"":1,""ai"":1}",33,23,94763,302881,4.08,0,0,,claude-opus-4-6,mac
3a0bf18177cf,2026-02-06,6,202,14,"{""other"":2,""ecs"":1,""tooling"":1,""artwork"":1,""ai"":1}",18,9,394446,184414,3.67,0,0,,claude-opus-4-6,mac
36aeb5f6985a,2026-02-06,6,419,29,"{""ui"":6}",18,16,361847,69629,1.4,0,0,,claude-opus-4-6,mac
8083803036b5,2026-02-06,10,4360,189,"{""dungeon"":5,""networking"":2,""planning"":2,""content"":1}",30,26,324743,166482,2.57,0,0,,claude-opus-4-6,mac
58b881ef042b,2026-02-06,8,339,7,"{""other"":3,""networking"":2,""ai"":2,""spawning"":1}",20,35,252185,37381,1.08,1,0,,claude-opus-4-6,mac
ad09814d07e6,2026-02-06,42,23928,248,"{""rendering"":15,""ui"":12,""planning"":8,""artwork"":2,""system"":2,""devtools"":1,""networking"":1,""debugging"":1}",117,142,1784556,875226,13.36,1,1,code-reviewer-game-dev,claude-opus-4-6,mac
2b8053805089,2026-02-06,25,10382,66,"{""rendering"":8,""ui"":6,""devtools"":3,""planning"":3,""other"":2,""content"":1,""gamestate"":1,""tooling"":1}",75,114,1722119,453293,9.57,2,0,,claude-opus-4-6,mac
c83734d81a94,2026-02-07,81,31723,30,"{""rendering"":24,""other"":19,""ui"":14,""planning"":10,""artwork"":4,""combat"":3,""debugging"":2,""system"":2,""devtools"":1,""content"":1,""ai"":1}",225,196,6953222,1578445,37.8,1,0,,claude-opus-4-6,mac
e23b86c7d871,2026-02-07,19,6938,179,"{""networking"":4,""dungeon"":4,""other"":3,""planning"":2,""game_design"":1,""combat"":1,""hero"":1,""confirmation"":1,""content"":1,""gamestate"":1}",57,42,641986,428256,7.09,0,0,,claude-opus-4-6,mac
7e9ec21c4d82,2026-02-08,13,3227,16,"{""rendering"":6,""artwork"":1,""debugging"":1,""other"":1,""confirmation"":1,""ui"":1,""planning"":1,""gamestate"":1}",39,52,968937,302750,6.25,1,0,,claude-opus-4-6,mac
2e6981bf5fec,2026-02-08,21,9101,96,"{""rendering"":6,""ui"":4,""planning"":3,""artwork"":3,""system"":3,""content"":1,""devtools"":1}",48,38,853174,344378,6.3,1,0,,claude-opus-4-6,mac
437257b42dc9,2026-02-08,41,13600,26,"{""rendering"":10,""artwork"":8,""ui"":6,""planning"":5,""debugging"":4,""system"":3,""tooling"":2,""combat"":1,""game_design"":1,""other"":1}",101,143,3059396,663003,16.21,4,1,ecs-component-designer,claude-opus-4-6,mac
d8fe8cf9c1c2,2026-02-08,32,15491,168,"{""combat"":6,""networking"":5,""physics"":5,""planning"":4,""ui"":2,""ecs"":2,""other"":2,""debugging"":1,""spawning"":1,""dungeon"":1,""hero"":1,""tooling"":1,""rendering"":1}",96,179,1853413,922728,18.74,4,0,,claude-opus-4-6,mac
bec3f3e9e78c,2026-02-08,52,26904,191,"{""ui"":20,""planning"":15,""rendering"":8,""tooling"":4,""gamestate"":1,""devtools"":1,""system"":1,""refactor"":1,""other"":1}",152,5405,3215394,1203468,21.61,2,0,,claude-opus-4-6,mac
49c45dbab8e2,2026-02-09,1,5,5,"{""other"":1}",3,1,18310,23453,0.47,0,0,,claude-opus-4-6,mac
11d3d170b6e3,2026-02-09,57,28628,252,"{""networking"":22,""ui"":12,""planning"":6,""ecs"":4,""rendering"":4,""content"":2,""game_design"":2,""artwork"":2,""other"":1,""debugging"":1,""devtools"":1}",162,272,2071052,1266383,20.75,5,1,network-protocol-designer,claude-opus-4-6,mac
f296603fa0fd,2026-02-09,34,16309,143,"{""ui"":13,""rendering"":8,""planning"":5,""system"":3,""debugging"":1,""tooling"":1,""content"":1,""confirmation"":1,""devtools"":1}",86,108,1332349,750200,11.41,1,0,,claude-opus-4-6,mac
182e10e4213c,2026-02-13,18,9915,225,"{""networking"":13,""planning"":2,""system"":2,""confirmation"":1}",40,31,453999,488401,8.22,0,0,,claude-opus-4-6,mac
afb52fe70a59,2026-02-13,13,5614,248,"{""networking"":11,""system"":1,""planning"":1}",33,26,379375,358932,7.01,0,0,,claude-opus-4-6,mac
26335627c21e,2026-02-13,7,703,127,"{""networking"":5,""system"":1,""content"":1}",18,10,115567,102506,1.09,0,0,,claude-opus-4-6,mac
b08d2cb8bafd,2026-02-13,16,4267,97,"{""ecs"":3,""ai"":2,""networking"":2,""system"":2,""confirmation"":2,""combat"":1,""physics"":1,""ui"":1,""planning"":1,""other"":1}",39,27,538424,259773,3.9,0,0,,claude-opus-4-6,mac
76f6bf532c98,2026-02-13,2,170,85,"{""debugging"":1,""input"":1}",6,7,0,80420,0.93,0,0,,claude-opus-4-6,mac
5b0df00311f7,2026-02-13,9,2041,129,"{""networking"":8,""system"":1}",21,17,97293,150012,1.22,0,0,,claude-haiku-4-5-20251001,mac
410c55a13386,2026-02-13,7,1789,232,"{""networking"":3,""ecs"":2,""combat"":1,""ai"":1}",21,16,56529,261286,4.32,0,0,,claude-opus-4-6,mac
ec90795b9509,2026-02-13,6,1906,229,"{""networking"":6}",18,15,50076,139691,1.69,0,0,,claude-opus-4-6,mac
beee335cd566,2026-02-13,11,1292,54,"{""ai"":3,""tooling"":3,""spawning"":1,""content"":1,""combat"":1,""documentation"":1,""devtools"":1}",33,41,317935,303938,5.73,1,0,,claude-opus-4-6,mac
02f44f1aa94c,2026-02-13,10,578,27,"{""ai"":5,""other"":2,""build"":2,""content"":1}",30,19,412678,45931,1.48,0,0,,claude-opus-4-6,mac
c983419fb3af,2026-02-13,1,4,4,"{""documentation"":1}",3,2,24981,18105,0.38,0,0,,claude-opus-4-6,mac
cf1621b453f1,2026-02-14,60,11051,32,"{""other"":14,""tooling"":7,""ui"":7,""ai"":6,""documentation"":5,""gamestate"":4,""planning"":4,""system"":2,""networking"":2,""artwork"":2,""game_design"":2,""content"":2,""devtools"":1,""ecs"":1,""dungeon"":1}",171,124,4850751,602654,17.93,2,0,,claude-opus-4-6,mac
45ebf817c36e,2026-02-15,11,3514,115,"{""tooling"":4,""build"":2,""planning"":2,""ecs"":1,""ui"":1,""documentation"":1}",30,55,512058,163693,1.88,1,0,,claude-opus-4-6,mac
f66ea77e8e69,2026-02-15,6,124,11,"{""other"":3,""content"":1,""ai"":1,""ecs"":1}",18,62,160317,103938,2.19,1,0,,claude-opus-4-6,windows
687b767e031d,2026-02-15,1,749,749,"{""content"":1}",3,1,0,24330,0.09,0,0,,claude-sonnet-4-5-20250929,mac
71459e82f834,2026-02-15,1,187,187,"{""ai"":1}",3,2,0,24974,0.47,0,0,,claude-opus-4-6,mac
ddb096566900,2026-02-15,3,229,79,"{""documentation"":2,""combat"":1}",9,10,25231,58286,0.45,0,0,,claude-opus-4-6,mac
3d0692d5cd0c,2026-02-15,7,2642,260,"{""planning"":2,""ai"":2,""tooling"":1,""debugging"":1,""content"":1}",21,23,357710,127042,2.24,0,0,,claude-opus-4-6,mac
27325cc55602,2026-02-16,1,649,649,"{""debugging"":1}",3,2,10332,21209,0.41,0,0,,claude-opus-4-6,mac
475b7cd15cd8,2026-02-16,10,3973,229,"{""tooling"":2,""artwork"":2,""networking"":2,""planning"":2,""build"":1,""ui"":1}",30,23,387151,188853,3.75,0,0,,claude-opus-4-6,mac
97fa31ad7038,2026-02-16,8,3898,347,"{""tooling"":2,""networking"":2,""planning"":2,""content"":1,""ai"":1}",24,38,378584,135568,2.16,0,0,,claude-opus-4-6,mac
6567848dfcd3,2026-02-16,2,818,409,"{""ai"":2}",6,7,0,50146,0.94,0,0,,claude-opus-4-6,mac
f09bcfb502a7,2026-02-16,2,380,190,"{""tooling"":2}",6,3,9213,46656,0.56,0,0,,claude-sonnet-4-5-20250929,mac
fb78873eab5a,2026-02-16,2,1015,507,"{""networking"":1,""planning"":1}",6,8,161833,40997,1.01,0,0,,claude-opus-4-6,mac
df99b9d701eb,2026-02-16,5,750,150,"{""tooling"":2,""content"":1,""ai"":1,""documentation"":1}",15,9,46065,85090,0.11,0,0,,claude-haiku-4-5-20251001,mac
